timestamp,temperature,pressure,vibration,humidity,flow_rate,voltage,current,rpm,anomaly
2026-04-01T03:50:09Z,72.17,100.78,0.347,44.64,21.78,229.87,7.41,1502,0
2026-04-01T03:50:19Z,71.83,100.81,0.36,45.07,22.15,229.66,7.51,1508,0
2026-04-01T03:50:29Z,71.85,100.81,0.347,44.81,21.87,229.98,7.34,1498,0
2026-04-01T03:50:39Z,72.18,101.23,0.357,44.53,21.87,229.71,7.37,1494,0
2026-04-01T03:50:49Z,72.34,101.17,0.358,45.03,22.01,230.4,7.76,1499,0
2026-04-01T03:50:59Z,72.39,100.98,0.356,45.24,22.11,230.42,7.59,1515,0
2026-04-01T03:51:09Z,72.57,101.19,0.373,45.99,22.43,229.67,7.7,1508,0
2026-04-01T03:51:19Z,72.96,101.04,0.373,45.42,21.89,229.74,7.68,1512,0
2026-04-01T03:51:29Z,72.42,101.28,0.362,46.33,22.17,230.4,7.64,1507,0
2026-04-01T03:51:39Z,72.73,101.06,0.355,45.54,22.02,230.35,7.63,1510,0
2026-04-01T03:51:49Z,72.84,101.42,0.37,45.31,22.28,230.33,7.54,1506,0
2026-04-01T03:51:59Z,73.16,101.39,0.376,45.39,22.57,229.96,7.55,1503,0
2026-04-01T03:52:09Z,72.88,101.29,0.357,44.71,22.31,230.5,7.65,1513,0
2026-04-01T03:52:19Z,72.36,101.34,0.355,45.64,22.16,230.43,7.65,1516,0
2026-04-01T03:52:29Z,72.98,101.7,0.373,45.87,22.27,230.5,7.6,1525,0
2026-04-01T03:52:39Z,72.79,101.12,0.361,45.55,22.3,229.91,7.69,1509,0
2026-04-01T03:52:49Z,73.22,101.08,0.366,46.1,22.5,230.67,7.79,1515,0
2026-04-01T03:52:59Z,72.67,101.66,0.358,46.12,22.5,230.08,7.77,1523,0
2026-04-01T03:53:09Z,73.38,101.34,0.389,46.07,22.4,229.53,7.79,1518,0
2026-04-01T03:53:19Z,73.72,101.78,0.392,45.79,22.16,229.76,7.69,1526,0
2026-04-01T03:53:29Z,73.4,101.26,0.389,45.26,21.94,230.56,7.6,1513,0
2026-04-01T03:53:39Z,82.44,113.09,0.794,45.97,19.29,205.88,10.03,1057,1
2026-04-01T03:53:49Z,73.18,102.05,0.389,47.31,22.51,230.86,7.79,1526,0
2026-04-01T03:53:59Z,73.1,101.79,0.384,46.19,22.39,230.63,7.69,1519,0
2026-04-01T03:54:09Z,73.66,101.49,0.381,45.42,22.83,230.31,7.62,1532,0
2026-04-01T03:54:19Z,73.48,101.62,0.375,46.77,22.88,230.61,7.66,1528,0
2026-04-01T03:54:29Z,74.08,101.64,0.388,46.63,22.46,230.35,7.67,1529,0
2026-04-01T03:54:39Z,73.4,101.83,0.379,47.15,22.19,230.69,7.74,1527,0
2026-04-01T03:54:49Z,73.92,101.17,0.404,46.77,22.67,230.95,7.55,1544,0
2026-04-01T03:54:59Z,74.02,101.55,0.4,46.97,22.37,230.59,7.61,1540,0
2026-04-01T03:55:09Z,73.46,101.42,0.384,45.96,22.17,230.36,7.95,1533,0
2026-04-01T03:55:19Z,73.29,101.81,0.387,46.03,22.49,230.26,7.67,1534,0
2026-04-01T03:55:29Z,73.64,101.66,0.406,46.19,22.52,230.2,7.78,1541,0
2026-04-01T03:55:39Z,74.45,101.76,0.381,46.4,22.49,230.76,7.88,1540,0
2026-04-01T03:55:49Z,74.0,101.8,0.404,46.1,22.73,230.75,7.82,1530,0
2026-04-01T03:55:59Z,73.7,101.8,0.397,47.33,22.38,230.9,7.77,1546,0
2026-04-01T03:56:09Z,74.33,101.53,0.394,47.3,22.72,230.57,7.74,1546,0
2026-04-01T03:56:19Z,74.24,101.61,0.394,46.57,22.61,229.88,7.78,1545,0
2026-04-01T03:56:29Z,74.22,101.66,0.394,47.11,22.73,230.55,7.74,1541,0
2026-04-01T03:56:39Z,74.61,101.51,0.42,47.54,22.51,230.35,7.76,1541,0
2026-04-01T03:56:49Z,74.57,101.71,0.414,47.4,22.75,230.55,7.91,1552,0
2026-04-01T03:56:59Z,74.69,102.32,0.421,47.3,22.53,230.87,7.73,1540,0
2026-04-01T03:57:09Z,74.72,101.84,0.406,46.67,22.79,230.6,7.81,1542,0
2026-04-01T03:57:19Z,74.23,102.08,0.4,46.75,22.97,230.84,7.91,1546,0
2026-04-01T03:57:29Z,74.39,102.2,0.395,47.94,22.78,231.21,7.92,1550,0
2026-04-01T03:57:39Z,74.83,102.04,0.421,48.01,23.06,230.66,7.82,1543,0
2026-04-01T03:57:49Z,87.89,110.35,1.441,46.3,18.2,208.03,10.7,1120,1
2026-04-01T03:57:59Z,74.6,102.23,0.393,47.36,22.86,230.75,7.98,1548,0
2026-04-01T03:58:09Z,74.97,101.85,0.424,47.11,23.37,230.97,8.0,1548,0
2026-04-01T03:58:19Z,74.93,102.13,0.391,46.26,22.98,231.04,7.88,1540,0
2026-04-01T03:58:29Z,75.31,102.06,0.403,47.69,22.84,231.0,8.0,1543,0
2026-04-01T03:58:39Z,74.95,102.17,0.397,47.96,22.84,230.73,7.82,1548,0
2026-04-01T03:58:49Z,75.34,102.16,0.411,47.68,23.02,230.48,7.94,1553,0
2026-04-01T03:58:59Z,74.88,102.57,0.398,47.35,23.44,231.14,7.8,1550,0
2026-04-01T03:59:09Z,75.56,102.42,0.389,47.58,23.14,230.33,7.94,1552,0
2026-04-01T03:59:19Z,74.91,102.47,0.395,48.22,23.16,230.56,7.89,1556,0
2026-04-01T03:59:29Z,75.76,101.85,0.401,48.25,22.84,230.85,7.9,1556,0
2026-04-01T03:59:39Z,74.96,102.16,0.394,48.21,23.36,230.86,7.89,1549,0
2026-04-01T03:59:49Z,75.28,102.42,0.368,48.24,23.1,230.61,8.14,1560,0
2026-04-01T03:59:59Z,75.29,102.34,0.397,47.81,23.15,230.93,8.15,1558,0
2026-04-01T04:00:09Z,75.51,102.14,0.397,49.62,23.3,230.16,8.04,1562,0
2026-04-01T04:00:19Z,75.62,102.34,0.383,47.48,22.93,231.08,7.91,1551,0
2026-04-01T04:00:29Z,75.35,102.22,0.387,47.58,22.99,230.88,8.07,1558,0
2026-04-01T04:00:39Z,75.5,102.28,0.389,48.69,23.02,230.17,7.99,1561,0
2026-04-01T04:00:49Z,75.72,101.92,0.38,47.24,23.42,231.47,8.19,1558,0
2026-04-01T04:00:59Z,75.72,102.27,0.401,47.65,23.14,231.22,8.02,1562,0
2026-04-01T04:01:09Z,75.48,102.58,0.398,48.58,23.39,231.25,8.09,1563,0
2026-04-01T04:01:19Z,75.63,102.42,0.397,48.41,23.45,231.26,7.89,1551,0
2026-04-01T04:01:29Z,75.1,102.44,0.384,48.5,23.55,231.17,7.82,1561,0
2026-04-01T04:01:39Z,75.59,102.43,0.376,49.2,23.42,230.5,8.04,1566,0
2026-04-01T04:01:49Z,75.39,102.37,0.389,49.01,22.9,230.5,8.19,1553,0
2026-04-01T04:01:59Z,75.61,102.35,0.391,48.84,23.45,230.47,8.08,1562,0
2026-04-01T04:02:09Z,75.88,102.47,0.382,48.52,22.99,231.09,8.06,1548,0
2026-04-01T04:02:19Z,75.67,102.53,0.392,47.94,23.2,230.81,7.96,1561,0
2026-04-01T04:02:29Z,75.97,102.66,0.373,47.78,23.4,230.97,8.19,1561,0
2026-04-01T04:02:39Z,75.9,102.86,0.374,48.65,23.19,231.29,8.0,1558,0
2026-04-01T04:02:49Z,74.97,102.81,0.388,48.58,23.26,230.78,8.09,1566,0
2026-04-01T04:02:59Z,75.84,102.63,0.391,48.46,23.22,231.35,8.14,1561,0
2026-04-01T04:03:09Z,75.45,102.87,0.364,48.95,23.0,230.78,8.01,1565,0
2026-04-01T04:03:19Z,75.89,102.89,0.37,49.49,22.98,231.21,7.9,1565,0
2026-04-01T04:03:29Z,76.3,102.2,0.375,48.27,23.43,230.87,8.23,1548,0
2026-04-01T04:03:39Z,75.73,102.76,0.369,48.49,23.45,231.59,7.96,1553,0
2026-04-01T04:03:49Z,75.92,102.92,0.369,48.97,23.44,230.93,8.25,1564,0
2026-04-01T04:03:59Z,76.09,102.76,0.371,49.01,23.29,231.14,8.06,1561,0
2026-04-01T04:04:09Z,75.7,102.73,0.375,48.74,23.33,231.88,8.25,1561,0
2026-04-01T04:04:19Z,76.0,102.49,0.358,49.21,23.19,231.07,7.99,1561,0
2026-04-01T04:04:29Z,75.98,102.77,0.36,48.59,23.06,230.91,8.43,1567,0
2026-04-01T04:04:39Z,75.79,102.56,0.357,48.71,23.15,230.97,8.01,1566,0
2026-04-01T04:04:49Z,76.34,102.69,0.356,48.29,23.34,230.84,7.96,1558,0
2026-04-01T04:04:59Z,75.72,102.89,0.359,48.96,23.58,231.45,8.24,1558,0
2026-04-01T04:05:09Z,75.97,102.59,0.357,48.56,23.36,230.93,8.17,1559,0
2026-04-01T04:05:19Z,75.91,102.31,0.358,49.08,23.12,231.12,8.26,1567,0
2026-04-01T04:05:29Z,76.14,102.9,0.354,49.16,23.43,231.51,8.25,1553,0
2026-04-01T04:05:39Z,83.32,109.15,1.216,48.76,17.68,213.1,12.4,1350,1
2026-04-01T04:05:49Z,75.63,102.82,0.35,48.81,23.87,230.39,8.1,1552,0
2026-04-01T04:05:59Z,76.45,102.97,0.344,49.42,23.73,230.88,8.14,1554,0
2026-04-01T04:06:09Z,75.77,102.99,0.348,48.95,23.08,230.33,7.88,1547,0
2026-04-01T04:06:19Z,75.8,102.82,0.346,49.56,23.88,231.26,8.16,1549,0
2026-04-01T04:06:29Z,76.36,102.95,0.348,48.31,23.06,231.01,7.86,1554,0
2026-04-01T04:06:39Z,76.31,102.68,0.324,49.59,23.25,231.43,8.08,1561,0
2026-04-01T04:06:49Z,75.64,102.86,0.348,49.13,23.58,231.04,7.98,1558,0
2026-04-01T04:06:59Z,75.66,102.68,0.352,48.68,23.45,231.3,8.08,1551,0
2026-04-01T04:07:09Z,76.06,102.98,0.314,50.21,23.82,231.05,8.24,1554,0
2026-04-01T04:07:19Z,84.84,108.81,0.972,49.19,19.2,218.55,10.22,1126,1
2026-04-01T04:07:29Z,76.1,102.85,0.329,48.9,23.57,231.65,8.0,1548,0
2026-04-01T04:07:39Z,86.41,108.73,1.196,49.91,17.8,212.43,10.9,1138,1
2026-04-01T04:07:49Z,76.43,103.13,0.346,49.06,24.01,231.65,8.31,1551,0
2026-04-01T04:07:59Z,75.91,102.79,0.335,48.86,23.64,230.98,8.11,1542,0
2026-04-01T04:08:09Z,75.83,102.8,0.334,50.34,23.71,231.09,7.97,1553,0
2026-04-01T04:08:19Z,75.59,102.9,0.329,49.7,23.34,231.07,7.76,1540,0
2026-04-01T04:08:29Z,75.97,103.4,0.34,49.25,23.72,231.62,8.28,1551,0
2026-04-01T04:08:39Z,75.86,103.01,0.312,50.18,23.29,231.09,8.04,1550,0
2026-04-01T04:08:49Z,75.75,103.09,0.328,49.34,23.45,231.48,8.13,1550,0
2026-04-01T04:08:59Z,76.04,103.01,0.331,50.29,23.33,231.69,8.09,1540,0
2026-04-01T04:09:09Z,76.36,103.07,0.316,49.78,23.45,231.28,7.94,1538,0
2026-04-01T04:09:19Z,76.23,102.81,0.315,50.05,23.3,231.8,8.01,1548,0
2026-04-01T04:09:29Z,75.49,103.28,0.324,49.95,24.07,231.1,8.16,1550,0
2026-04-01T04:09:39Z,76.27,102.89,0.319,49.59,23.47,231.29,8.16,1550,0
2026-04-01T04:09:49Z,75.58,103.16,0.329,49.21,23.33,231.43,8.22,1549,0
2026-04-01T04:09:59Z,75.46,103.02,0.323,50.59,23.5,231.31,8.15,1546,0
2026-04-01T04:10:09Z,76.01,102.66,0.316,49.85,23.56,231.03,8.06,1539,0
2026-04-01T04:10:19Z,74.99,103.15,0.316,50.19,23.4,231.1,8.04,1533,0
2026-04-01T04:10:29Z,76.22,102.87,0.317,50.43,23.79,231.62,8.19,1533,0
2026-04-01T04:10:39Z,75.54,102.94,0.32,50.02,23.39,230.94,7.99,1541,0
2026-04-01T04:10:49Z,75.46,102.65,0.303,49.26,23.35,231.54,8.09,1541,0
2026-04-01T04:10:59Z,75.41,103.12,0.303,49.57,23.42,230.87,7.88,1535,0
2026-04-01T04:11:09Z,75.99,102.92,0.311,49.24,23.5,231.31,7.97,1533,0
2026-04-01T04:11:19Z,75.61,102.83,0.31,49.0,23.39,231.45,8.1,1529,0
2026-04-01T04:11:29Z,89.9,117.12,1.115,49.82,17.93,221.62,13.05,1086,1
2026-04-01T04:11:39Z,75.14,103.13,0.31,50.24,23.39,231.88,8.13,1521,0
2026-04-01T04:11:49Z,74.68,103.45,0.307,50.64,23.69,231.66,8.2,1534,0
2026-04-01T04:11:59Z,75.64,103.07,0.3,50.48,23.44,231.18,8.01,1527,0
2026-04-01T04:12:09Z,75.35,102.82,0.301,50.62,23.43,230.88,8.1,1534,0
2026-04-01T04:12:19Z,74.87,102.8,0.309,49.79,23.53,231.73,8.21,1520,0
2026-04-01T04:12:29Z,90.05,118.23,0.93,49.63,17.48,211.72,11.51,1097,1
2026-04-01T04:12:39Z,75.34,102.97,0.299,49.97,23.34,231.72,8.1,1527,0
2026-04-01T04:12:49Z,74.59,103.24,0.289,51.16,23.11,231.27,8.18,1527,0
2026-04-01T04:12:59Z,75.07,103.11,0.269,49.79,23.39,231.5,8.03,1522,0
2026-04-01T04:13:09Z,75.06,102.81,0.3,50.63,23.6,231.58,7.85,1524,0
2026-04-01T04:13:19Z,75.12,102.84,0.302,50.07,23.88,230.84,8.05,1514,0
2026-04-01T04:13:29Z,75.18,102.82,0.296,49.79,23.44,231.68,7.97,1523,0
2026-04-01T04:13:39Z,74.91,102.57,0.298,49.15,23.33,231.27,8.14,1509,0
2026-04-01T04:13:49Z,74.57,102.6,0.313,49.9,23.23,231.53,8.0,1509,0
2026-04-01T04:13:59Z,74.63,102.93,0.3,50.02,23.28,231.84,8.1,1511,0
2026-04-01T04:14:09Z,75.22,103.22,0.299,50.18,23.58,231.8,8.1,1515,0
2026-04-01T04:14:19Z,74.23,103.18,0.31,49.87,23.35,231.49,7.98,1510,0
2026-04-01T04:14:29Z,74.36,102.82,0.294,49.95,22.99,231.29,8.18,1500,0
2026-04-01T04:14:39Z,74.62,103.19,0.316,49.15,22.66,231.0,8.02,1508,0
2026-04-01T04:14:49Z,74.28,102.73,0.298,49.97,23.29,231.35,8.04,1507,0
2026-04-01T04:14:59Z,74.62,102.75,0.315,49.96,23.16,231.43,7.92,1510,0
2026-04-01T04:15:09Z,74.62,103.27,0.303,49.86,22.96,231.52,8.06,1509,0
2026-04-01T04:15:19Z,74.15,102.8,0.314,49.56,23.21,231.48,7.86,1517,0
2026-04-01T04:15:29Z,74.12,102.8,0.31,49.27,23.29,231.44,7.79,1507,0
2026-04-01T04:15:39Z,74.03,103.21,0.303,49.13,23.09,231.89,7.92,1496,0
2026-04-01T04:15:49Z,73.97,102.9,0.336,50.66,23.2,231.4,8.06,1506,0
2026-04-01T04:15:59Z,74.02,103.13,0.288,49.62,23.39,231.46,7.81,1495,0
2026-04-01T04:16:09Z,73.27,102.64,0.309,50.11,23.16,231.53,8.1,1500,0
2026-04-01T04:16:19Z,74.25,102.69,0.296,50.0,23.55,231.82,7.67,1501,0
2026-04-01T04:16:29Z,81.77,114.76,0.818,49.34,17.87,212.44,10.94,1047,1
2026-04-01T04:16:39Z,73.55,102.89,0.313,49.01,23.25,231.5,7.78,1504,0
2026-04-01T04:16:49Z,73.76,102.76,0.313,50.24,22.78,231.55,8.07,1495,0
2026-04-01T04:16:59Z,74.0,102.79,0.308,50.93,22.92,231.52,7.87,1497,0
2026-04-01T04:17:09Z,73.88,102.89,0.299,49.91,23.04,232.03,7.95,1502,0
2026-04-01T04:17:19Z,73.82,102.62,0.313,50.26,23.27,231.61,7.82,1500,0
2026-04-01T04:17:29Z,73.5,102.66,0.304,48.74,23.21,231.32,7.74,1493,0
2026-04-01T04:17:39Z,73.88,102.91,0.3,49.45,23.34,231.57,8.03,1487,0
2026-04-01T04:17:49Z,73.19,102.84,0.321,48.86,23.55,231.65,7.86,1491,0
2026-04-01T04:17:59Z,73.28,102.9,0.307,50.28,22.74,231.77,7.75,1489,0
2026-04-01T04:18:09Z,73.46,103.07,0.314,49.12,23.07,231.49,7.82,1483,0
2026-04-01T04:18:19Z,73.53,103.04,0.309,49.93,23.11,231.52,7.66,1476,0
2026-04-01T04:18:29Z,73.03,102.9,0.334,49.99,23.06,231.43,7.89,1479,0
2026-04-01T04:18:39Z,73.04,102.6,0.334,49.73,23.01,231.77,7.83,1482,0
2026-04-01T04:18:49Z,79.67,115.61,1.399,50.25,17.71,207.49,11.08,1235,1
2026-04-01T04:18:59Z,73.13,102.4,0.336,49.78,22.77,231.82,7.62,1476,0
2026-04-01T04:19:09Z,72.67,102.73,0.34,48.97,23.04,231.62,7.74,1479,0
2026-04-01T04:19:19Z,72.89,102.36,0.349,49.8,22.93,231.13,7.84,1488,0
2026-04-01T04:19:29Z,87.69,111.03,0.939,49.97,18.27,217.26,12.38,1004,1
2026-04-01T04:19:39Z,72.92,102.81,0.325,48.68,22.61,231.2,7.6,1465,0
2026-04-01T04:19:49Z,73.19,102.41,0.316,50.0,23.0,231.57,7.9,1474,0
2026-04-01T04:19:59Z,72.77,102.97,0.328,48.88,22.91,231.72,7.49,1476,0
2026-04-01T04:20:09Z,72.37,102.64,0.334,49.68,22.7,231.53,7.78,1467,0
2026-04-01T04:20:19Z,72.93,102.68,0.348,50.48,22.98,231.53,7.56,1469,0
2026-04-01T04:20:29Z,81.61,117.68,1.488,49.02,19.37,209.21,10.08,1065,1
2026-04-01T04:20:39Z,72.82,102.68,0.352,49.54,23.11,231.04,7.59,1471,0
2026-04-01T04:20:49Z,71.57,102.72,0.36,49.26,22.7,231.46,7.63,1475,0
2026-04-01T04:20:59Z,72.49,102.32,0.349,49.44,23.09,230.96,7.7,1466,0
2026-04-01T04:21:09Z,72.05,102.43,0.326,50.39,22.83,231.98,7.66,1467,0
2026-04-01T04:21:19Z,72.25,102.45,0.341,49.5,22.97,231.33,7.6,1456,0
2026-04-01T04:21:29Z,71.97,102.19,0.359,48.81,22.79,231.48,7.63,1452,0
2026-04-01T04:21:39Z,71.93,102.42,0.346,49.8,22.18,231.62,7.72,1468,0
2026-04-01T04:21:49Z,71.63,102.32,0.336,49.25,22.45,231.7,7.7,1453,0
2026-04-01T04:21:59Z,71.59,101.88,0.343,49.95,22.56,231.61,7.56,1460,0
2026-04-01T04:22:09Z,86.1,113.37,1.418,50.6,18.2,219.18,10.91,998,1
2026-04-01T04:22:19Z,71.95,102.52,0.347,50.2,22.45,231.43,7.62,1463,0
2026-04-01T04:22:29Z,71.69,102.4,0.341,49.91,22.83,231.62,7.67,1458,0
2026-04-01T04:22:39Z,71.55,102.45,0.367,49.03,22.45,231.52,7.67,1463,0
2026-04-01T04:22:49Z,71.65,102.06,0.338,49.08,22.57,231.43,7.7,1453,0
2026-04-01T04:22:59Z,71.24,102.07,0.383,49.39,22.39,231.47,7.45,1453,0
2026-04-01T04:23:09Z,71.67,102.07,0.361,49.21,22.4,231.47,7.52,1458,0
2026-04-01T04:23:19Z,71.34,102.4,0.374,48.56,22.62,232.1,7.65,1455,0
2026-04-01T04:23:29Z,71.25,102.0,0.383,49.41,22.47,231.4,7.7,1453,0
2026-04-01T04:23:39Z,70.99,102.4,0.381,49.57,22.56,231.71,7.59,1444,0
2026-04-01T04:23:49Z,71.63,102.28,0.358,49.07,22.39,231.37,7.73,1452,0
2026-04-01T04:23:59Z,71.45,102.12,0.38,48.36,22.28,231.04,7.45,1447,0
2026-04-01T04:24:09Z,70.89,101.91,0.373,49.31,22.33,231.25,7.53,1450,0
2026-04-01T04:24:19Z,70.62,102.15,0.37,49.31,22.15,230.81,7.64,1450,0
2026-04-01T04:24:29Z,71.17,102.07,0.374,48.28,22.06,230.57,7.48,1453,0
2026-04-01T04:24:39Z,70.92,102.17,0.376,49.61,22.12,231.66,7.65,1449,0
2026-04-01T04:24:49Z,70.62,101.59,0.384,48.77,22.38,231.73,7.51,1451,0
2026-04-01T04:24:59Z,70.36,102.11,0.36,48.99,22.31,231.4,7.55,1455,0
2026-04-01T04:25:09Z,70.86,102.14,0.399,49.13,22.02,230.98,7.45,1444,0
2026-04-01T04:25:19Z,70.17,102.16,0.377,48.3,22.15,230.68,7.49,1435,0
2026-04-01T04:25:29Z,70.15,101.84,0.368,47.48,22.29,231.06,7.38,1449,0
2026-04-01T04:25:39Z,70.88,102.05,0.398,48.8,22.4,231.64,7.43,1446,0
2026-04-01T04:25:49Z,70.6,101.86,0.382,48.51,22.16,231.13,7.24,1442,0
2026-04-01T04:25:59Z,69.91,101.53,0.371,48.36,22.15,231.11,7.35,1445,0
2026-04-01T04:26:09Z,69.97,101.49,0.403,48.85,22.11,231.02,7.37,1454,0
2026-04-01T04:26:19Z,70.75,102.15,0.394,48.12,21.97,230.76,7.43,1452,0
2026-04-01T04:26:29Z,70.42,101.77,0.398,48.58,22.02,230.97,7.41,1439,0
2026-04-01T04:26:39Z,70.25,102.06,0.378,48.15,22.24,231.02,7.44,1446,0
2026-04-01T04:26:49Z,70.33,101.9,0.388,47.72,21.89,230.91,7.2,1440,0
2026-04-01T04:26:59Z,69.98,101.58,0.393,47.89,21.46,231.47,7.35,1437,0
2026-04-01T04:27:09Z,70.11,101.5,0.408,48.18,22.05,231.29,7.5,1445,0
2026-04-01T04:27:19Z,69.99,101.71,0.402,48.16,21.84,231.3,7.43,1443,0
2026-04-01T04:27:29Z,70.36,101.48,0.384,48.28,22.29,231.3,7.39,1439,0
2026-04-01T04:27:39Z,79.84,107.05,1.463,47.87,15.69,209.15,9.55,1015,1
2026-04-01T04:27:49Z,69.41,101.48,0.385,48.3,22.02,231.1,7.44,1438,0
2026-04-01T04:27:59Z,69.36,101.69,0.383,48.72,21.94,231.4,7.23,1440,0
2026-04-01T04:28:09Z,79.94,111.35,1.157,48.71,16.42,208.75,10.89,1232,1
2026-04-01T04:28:19Z,69.39,101.68,0.399,47.26,21.6,230.96,7.31,1442,0
2026-04-01T04:28:29Z,69.25,101.61,0.407,48.05,21.61,230.93,7.22,1441,0
2026-04-01T04:28:39Z,69.52,101.96,0.406,48.02,21.72,231.62,7.28,1430,0
2026-04-01T04:28:49Z,69.32,101.34,0.389,47.4,21.85,231.01,7.41,1441,0
2026-04-01T04:28:59Z,69.24,101.59,0.399,47.56,21.65,231.32,7.29,1440,0
2026-04-01T04:29:09Z,69.22,101.51,0.401,47.74,21.67,230.83,7.22,1435,0
2026-04-01T04:29:19Z,69.18,101.22,0.393,46.63,21.53,231.01,7.06,1437,0
2026-04-01T04:29:29Z,69.38,101.67,0.385,46.68,21.31,231.16,7.41,1444,0
2026-04-01T04:29:39Z,69.36,101.17,0.408,47.95,21.63,231.19,7.23,1432,0
2026-04-01T04:29:49Z,69.42,101.51,0.396,46.97,21.41,230.37,7.17,1442,0
2026-04-01T04:29:59Z,68.55,101.25,0.402,48.03,21.35,230.7,7.26,1426,0
2026-04-01T04:30:09Z,68.88,101.0,0.396,47.75,21.71,230.87,7.22,1443,0
2026-04-01T04:30:19Z,68.98,100.85,0.403,47.57,21.59,230.8,7.31,1439,0
2026-04-01T04:30:29Z,69.3,101.32,0.393,46.92,21.52,230.51,7.13,1448,0
2026-04-01T04:30:39Z,69.34,101.42,0.402,47.17,21.38,230.99,7.03,1438,0
2026-04-01T04:30:49Z,69.08,101.25,0.405,47.8,21.79,230.99,7.31,1440,0
2026-04-01T04:30:59Z,68.57,101.25,0.404,46.49,21.51,230.36,7.06,1445,0
2026-04-01T04:31:09Z,68.27,100.84,0.398,47.58,21.39,231.09,7.18,1439,0
2026-04-01T04:31:19Z,68.62,101.03,0.391,46.55,21.84,231.45,7.06,1447,0
2026-04-01T04:31:29Z,68.42,100.97,0.384,46.27,21.54,231.43,7.24,1440,0
2026-04-01T04:31:39Z,68.51,100.83,0.372,46.5,21.55,230.86,7.13,1441,0
2026-04-01T04:31:49Z,69.34,101.23,0.405,45.82,21.26,231.07,7.07,1450,0
2026-04-01T04:31:59Z,68.5,100.92,0.391,46.11,21.09,231.45,7.15,1446,0
2026-04-01T04:32:09Z,68.15,101.11,0.379,46.67,21.12,231.18,7.12,1446,0
2026-04-01T04:32:19Z,68.62,100.6,0.371,46.2,21.52,230.26,7.2,1450,0
2026-04-01T04:32:29Z,68.06,100.74,0.375,46.46,20.95,230.73,7.03,1446,0
2026-04-01T04:32:39Z,68.33,100.99,0.392,46.57,21.3,230.67,7.09,1445,0
2026-04-01T04:32:49Z,68.44,100.96,0.388,46.2,21.44,230.27,7.13,1449,0
2026-04-01T04:32:59Z,68.15,100.79,0.381,46.18,20.84,230.95,7.04,1446,0
2026-04-01T04:33:09Z,68.03,100.86,0.386,46.76,21.13,231.04,7.17,1438,0
2026-04-01T04:33:19Z,68.81,100.81,0.366,46.32,21.0,230.55,6.95,1448,0
2026-04-01T04:33:29Z,68.11,100.8,0.371,46.04,21.11,231.32,6.98,1443,0
2026-04-01T04:33:39Z,68.62,100.54,0.372,46.26,20.94,230.83,6.99,1438,0
2026-04-01T04:33:49Z,68.02,100.48,0.38,45.72,21.34,230.85,7.05,1434,0
2026-04-01T04:33:59Z,68.5,100.82,0.375,45.41,21.07,231.16,7.09,1440,0
2026-04-01T04:34:09Z,68.54,100.74,0.368,44.98,20.91,231.14,7.05,1447,0
2026-04-01T04:34:19Z,82.53,107.39,0.808,45.82,16.09,211.28,10.65,1034,1
2026-04-01T04:34:29Z,68.2,100.49,0.383,46.96,20.72,230.9,6.99,1458,0
2026-04-01T04:34:39Z,68.61,100.77,0.365,45.83,21.1,231.12,7.0,1458,0
2026-04-01T04:34:49Z,67.68,100.8,0.381,46.3,21.13,230.02,6.93,1448,0
2026-04-01T04:34:59Z,68.02,100.53,0.384,45.53,21.5,230.81,6.85,1449,0
2026-04-01T04:35:09Z,68.0,100.39,0.382,46.06,21.01,230.27,7.13,1457,0
2026-04-01T04:35:19Z,68.37,100.17,0.345,45.97,21.02,230.06,7.0,1452,0
2026-04-01T04:35:29Z,68.06,100.72,0.37,45.96,20.82,230.17,6.86,1448,0
2026-04-01T04:35:39Z,67.49,100.64,0.365,45.46,20.67,230.5,6.9,1456,0
2026-04-01T04:35:49Z,68.08,100.44,0.356,44.68,20.97,230.76,7.02,1453,0
2026-04-01T04:35:59Z,68.53,100.95,0.383,44.96,21.03,230.34,6.89,1456,0
2026-04-01T04:36:09Z,68.19,100.46,0.363,44.38,20.55,230.1,7.04,1450,0
2026-04-01T04:36:19Z,68.02,100.21,0.36,44.95,20.65,230.92,6.93,1458,0
2026-04-01T04:36:29Z,67.68,100.42,0.356,44.82,20.53,231.31,7.05,1455,0
2026-04-01T04:36:39Z,68.36,99.98,0.364,44.93,21.13,230.69,6.92,1464,0
2026-04-01T04:36:49Z,68.11,100.01,0.34,44.82,20.68,230.24,6.94,1464,0
2026-04-01T04:36:59Z,68.16,100.41,0.362,44.59,20.84,230.32,6.85,1465,0
2026-04-01T04:37:09Z,68.01,100.74,0.352,44.76,21.17,230.76,6.85,1461,0
2026-04-01T04:37:19Z,67.85,100.23,0.338,44.51,20.65,230.44,6.93,1465,0
2026-04-01T04:37:29Z,68.27,100.17,0.35,45.2,20.97,230.51,6.83,1459,0
2026-04-01T04:37:39Z,68.35,100.17,0.355,44.5,20.89,230.65,7.12,1471,0
2026-04-01T04:37:49Z,67.46,100.33,0.345,45.01,20.9,230.06,6.99,1467,0
2026-04-01T04:37:59Z,67.91,100.28,0.345,44.34,20.75,230.37,6.94,1474,0
2026-04-01T04:38:09Z,68.27,100.09,0.332,44.65,20.72,230.51,6.94,1464,0
2026-04-01T04:38:19Z,68.13,99.84,0.338,45.1,20.67,230.51,6.94,1469,0
2026-04-01T04:38:29Z,68.35,100.34,0.338,43.65,21.08,230.7,6.85,1471,0
2026-04-01T04:38:39Z,68.14,100.07,0.329,44.55,20.36,230.21,7.21,1471,0
2026-04-01T04:38:49Z,67.62,100.14,0.324,43.79,20.97,229.27,7.02,1472,0
2026-04-01T04:38:59Z,68.26,99.81,0.331,44.0,20.38,229.5,7.01,1478,0
2026-04-01T04:39:09Z,67.95,99.78,0.329,44.47,20.61,230.54,7.06,1479,0
2026-04-01T04:39:19Z,68.29,99.9,0.326,44.02,20.79,230.35,6.89,1473,0
2026-04-01T04:39:29Z,67.83,99.99,0.324,44.21,20.83,230.18,7.04,1478,0
2026-04-01T04:39:39Z,81.32,111.45,1.023,44.85,15.65,215.22,9.94,1188,1
2026-04-01T04:39:49Z,68.4,99.85,0.326,44.35,20.58,230.72,6.73,1477,0
2026-04-01T04:39:59Z,67.87,99.7,0.316,44.04,20.91,230.0,6.92,1485,0
2026-04-01T04:40:09Z,81.74,114.46,1.235,43.13,16.54,218.77,9.64,1193,1
2026-04-01T04:40:19Z,83.1,111.86,0.9,42.67,14.35,213.81,10.98,1150,1
2026-04-01T04:40:29Z,68.06,100.18,0.315,44.2,20.75,230.48,6.86,1479,0
2026-04-01T04:40:39Z,68.12,100.03,0.325,44.15,20.56,230.2,6.86,1491,0
2026-04-01T04:40:49Z,68.5,100.1,0.311,44.65,20.29,229.95,6.93,1483,0
2026-04-01T04:40:59Z,68.27,99.76,0.318,43.78,20.73,230.39,6.82,1494,0
2026-04-01T04:41:09Z,68.34,99.68,0.319,44.44,20.67,229.64,7.09,1488,0
2026-04-01T04:41:19Z,68.16,99.81,0.319,43.8,20.57,230.07,6.78,1489,0
2026-04-01T04:41:29Z,67.78,99.61,0.302,43.96,20.39,230.24,6.76,1498,0
2026-04-01T04:41:39Z,67.76,99.93,0.321,42.73,20.61,229.93,7.05,1496,0
2026-04-01T04:41:49Z,68.33,99.35,0.309,43.23,20.47,229.86,6.8,1497,0
2026-04-01T04:41:59Z,68.58,99.79,0.292,43.23,20.37,230.72,7.02,1489,0
2026-04-01T04:42:09Z,68.47,99.7,0.316,43.15,20.63,230.01,6.94,1497,0
2026-04-01T04:42:19Z,68.52,99.54,0.31,43.59,20.65,229.65,6.97,1501,0
2026-04-01T04:42:29Z,68.27,99.69,0.311,42.45,20.7,229.99,7.04,1492,0
2026-04-01T04:42:39Z,68.34,99.78,0.32,43.43,20.36,229.96,6.77,1489,0
2026-04-01T04:42:49Z,68.61,99.54,0.29,42.94,20.41,230.58,6.91,1508,0
2026-04-01T04:42:59Z,68.9,99.59,0.303,43.26,20.65,229.48,6.88,1502,0
2026-04-01T04:43:09Z,68.68,99.83,0.308,43.6,20.55,229.95,7.11,1510,0
2026-04-01T04:43:19Z,68.71,99.59,0.29,42.25,20.25,229.76,6.78,1495,0
2026-04-01T04:43:29Z,68.67,99.25,0.282,43.01,20.42,229.71,7.03,1499,0
2026-04-01T04:43:39Z,68.71,99.91,0.295,43.04,20.18,230.04,6.91,1501,0
2026-04-01T04:43:49Z,68.5,99.41,0.301,42.67,20.78,229.7,7.0,1514,0
2026-04-01T04:43:59Z,69.21,99.18,0.303,43.07,20.41,230.03,6.76,1514,0
2026-04-01T04:44:09Z,68.89,99.44,0.289,42.53,20.47,230.02,7.02,1513,0
2026-04-01T04:44:19Z,69.62,99.39,0.305,42.9,20.34,229.75,7.05,1512,0
2026-04-01T04:44:29Z,68.95,99.46,0.302,42.32,20.54,229.81,6.97,1522,0
2026-04-01T04:44:39Z,69.05,99.08,0.287,42.44,20.65,229.79,6.92,1511,0
2026-04-01T04:44:49Z,68.68,98.96,0.301,42.54,20.76,230.19,6.82,1523,0
2026-04-01T04:44:59Z,69.09,99.7,0.306,42.91,20.19,229.78,7.02,1526,0
2026-04-01T04:45:09Z,69.59,99.33,0.278,42.4,20.54,229.84,7.07,1519,0
2026-04-01T04:45:19Z,69.16,99.62,0.315,42.4,20.5,230.25,6.98,1521,0
2026-04-01T04:45:29Z,68.87,99.31,0.291,42.42,20.29,229.02,6.94,1526,0
2026-04-01T04:45:39Z,69.5,99.27,0.279,42.93,20.51,229.73,7.17,1524,0
2026-04-01T04:45:49Z,69.15,99.24,0.302,42.5,20.49,229.89,6.9,1520,0
2026-04-01T04:45:59Z,69.33,99.64,0.29,42.74,20.53,229.24,6.86,1523,0
2026-04-01T04:46:09Z,70.18,99.42,0.304,41.58,20.55,229.26,6.99,1518,0
2026-04-01T04:46:19Z,69.71,99.19,0.303,41.66,20.49,230.07,6.9,1530,0
2026-04-01T04:46:29Z,69.76,99.29,0.293,41.43,20.63,229.09,6.95,1529,0
2026-04-01T04:46:39Z,69.46,99.09,0.288,42.03,20.4,229.37,6.86,1525,0
2026-04-01T04:46:49Z,69.22,99.2,0.314,42.36,20.38,229.95,7.03,1535,0
2026-04-01T04:46:59Z,70.19,99.42,0.306,41.36,20.3,229.74,7.1,1533,0
2026-04-01T04:47:09Z,69.67,99.63,0.305,42.26,20.75,229.59,7.0,1532,0
2026-04-01T04:47:19Z,69.99,99.38,0.294,42.48,20.32,229.7,6.89,1527,0
2026-04-01T04:47:29Z,69.84,99.06,0.309,42.06,20.68,230.05,7.15,1531,0
2026-04-01T04:47:39Z,70.16,99.26,0.299,41.61,20.67,229.09,6.91,1542,0
2026-04-01T04:47:49Z,69.67,99.35,0.302,41.86,20.5,229.25,7.09,1532,0
2026-04-01T04:47:59Z,78.86,112.08,0.89,41.04,16.62,206.0,10.39,1068,1
2026-04-01T04:48:09Z,70.33,98.49,0.316,41.89,20.61,229.54,7.0,1538,0
2026-04-01T04:48:19Z,83.78,113.86,1.316,41.87,14.64,213.05,9.77,1266,1
2026-04-01T04:48:29Z,77.89,112.3,0.783,41.64,16.76,215.43,10.38,1041,1
2026-04-01T04:48:39Z,70.25,98.81,0.304,41.2,20.68,229.52,7.06,1544,0
2026-04-01T04:48:49Z,69.96,99.32,0.313,41.46,20.66,229.6,6.95,1544,0
2026-04-01T04:48:59Z,70.3,99.35,0.303,41.05,20.67,229.45,7.08,1537,0
2026-04-01T04:49:09Z,70.56,99.09,0.32,41.27,20.51,229.76,7.07,1545,0
2026-04-01T04:49:19Z,70.6,99.15,0.316,40.81,20.67,229.22,6.99,1548,0
2026-04-01T04:49:29Z,70.45,99.46,0.308,41.8,20.49,229.17,7.0,1538,0
2026-04-01T04:49:39Z,70.86,98.65,0.32,40.81,20.36,229.76,6.89,1549,0
2026-04-01T04:49:49Z,70.8,98.98,0.335,40.43,20.74,229.24,7.11,1550,0
2026-04-01T04:49:59Z,70.54,99.05,0.312,41.8,20.59,228.99,7.13,1536,0
2026-04-01T04:50:09Z,70.47,99.06,0.313,40.82,20.75,229.03,7.09,1539,0
2026-04-01T04:50:19Z,70.64,99.04,0.302,40.95,20.73,229.34,7.04,1548,0
2026-04-01T04:50:29Z,71.05,99.08,0.306,40.8,20.34,229.35,7.29,1552,0
2026-04-01T04:50:39Z,71.36,98.96,0.317,41.42,20.6,229.48,7.14,1547,0
2026-04-01T04:50:49Z,71.26,99.0,0.353,40.74,20.54,228.93,7.21,1558,0
2026-04-01T04:50:59Z,71.24,98.91,0.329,40.83,20.5,229.3,6.98,1548,0
2026-04-01T04:51:09Z,71.3,99.03,0.322,40.85,20.19,229.11,7.24,1547,0
2026-04-01T04:51:19Z,71.08,99.0,0.339,40.84,20.79,229.12,7.05,1557,0
2026-04-01T04:51:29Z,71.68,99.19,0.33,41.08,20.55,229.12,7.32,1554,0
2026-04-01T04:51:39Z,71.43,99.16,0.357,41.22,20.84,229.26,7.2,1558,0
2026-04-01T04:51:49Z,70.88,98.93,0.338,40.86,20.91,230.11,7.08,1549,0
2026-04-01T04:51:59Z,71.43,98.95,0.33,41.14,20.8,229.26,7.19,1561,0
2026-04-01T04:52:09Z,72.21,99.31,0.344,41.02,21.29,229.19,7.35,1555,0
2026-04-01T04:52:19Z,71.94,99.26,0.371,41.05,20.5,229.73,7.17,1558,0
2026-04-01T04:52:29Z,71.69,99.17,0.333,40.99,20.89,229.36,7.12,1552,0
2026-04-01T04:52:39Z,71.92,98.81,0.332,41.22,20.87,229.07,7.28,1561,0
2026-04-01T04:52:49Z,72.36,98.87,0.343,41.09,20.87,229.23,7.2,1556,0
2026-04-01T04:52:59Z,72.25,98.83,0.361,40.63,20.7,229.22,7.26,1557,0
2026-04-01T04:53:09Z,71.63,98.91,0.349,40.36,20.9,228.92,6.98,1559,0
2026-04-01T04:53:19Z,72.14,99.17,0.352,39.9,21.13,228.91,7.31,1566,0
2026-04-01T04:53:29Z,72.23,99.0,0.339,40.17,20.91,229.05,7.36,1553,0
2026-04-01T04:53:39Z,72.18,99.14,0.356,40.55,21.16,228.57,7.15,1552,0
2026-04-01T04:53:49Z,72.38,98.73,0.371,39.91,21.4,228.24,7.44,1560,0
2026-04-01T04:53:59Z,72.24,99.12,0.361,40.24,20.89,228.78,7.18,1554,0
2026-04-01T04:54:09Z,72.27,99.4,0.375,40.92,20.89,229.13,7.31,1553,0
2026-04-01T04:54:19Z,72.51,99.0,0.373,40.01,21.14,228.42,7.28,1562,0
2026-04-01T04:54:29Z,72.58,99.26,0.36,40.49,21.19,228.53,7.39,1560,0
2026-04-01T04:54:39Z,72.99,99.15,0.362,40.33,20.94,228.92,7.6,1555,0
2026-04-01T04:54:49Z,72.57,98.78,0.372,40.48,21.4,229.11,7.31,1560,0
2026-04-01T04:54:59Z,72.64,99.02,0.365,41.59,20.88,229.18,7.25,1561,0
2026-04-01T04:55:09Z,72.87,99.11,0.37,40.65,20.98,229.1,7.3,1561,0
2026-04-01T04:55:19Z,72.98,99.09,0.361,40.52,21.33,229.28,7.5,1558,0
2026-04-01T04:55:29Z,73.02,99.08,0.378,39.95,20.79,228.22,7.4,1566,0
2026-04-01T04:55:39Z,73.67,99.03,0.365,40.88,20.96,229.24,7.51,1555,0
2026-04-01T04:55:49Z,73.18,99.12,0.373,39.51,21.12,228.98,7.37,1567,0
2026-04-01T04:55:59Z,73.21,98.66,0.382,40.57,20.85,228.55,7.07,1563,0
2026-04-01T04:56:09Z,73.42,98.64,0.391,39.74,21.19,229.1,7.19,1561,0
2026-04-01T04:56:19Z,73.21,99.02,0.378,41.32,21.01,228.24,7.34,1556,0
2026-04-01T04:56:29Z,73.56,99.15,0.381,40.06,21.11,229.1,7.27,1561,0
2026-04-01T04:56:39Z,73.05,99.13,0.395,39.4,21.0,229.18,7.4,1558,0
2026-04-01T04:56:49Z,73.32,99.03,0.401,39.87,21.21,228.76,7.51,1560,0
2026-04-01T04:56:59Z,73.69,99.33,0.394,40.68,21.24,229.05,7.41,1560,0
2026-04-01T04:57:09Z,74.12,99.05,0.385,40.59,21.3,228.91,7.42,1554,0
2026-04-01T04:57:19Z,73.37,99.01,0.395,40.1,21.16,229.11,7.51,1559,0
2026-04-01T04:57:29Z,73.65,99.21,0.4,41.01,21.48,228.42,7.62,1565,0
2026-04-01T04:57:39Z,74.4,99.31,0.397,39.65,21.4,228.43,7.41,1558,0
2026-04-01T04:57:49Z,74.03,99.23,0.378,40.88,21.42,228.9,7.57,1556,0
2026-04-01T04:57:59Z,73.87,99.58,0.402,40.07,21.3,228.67,7.38,1555,0
2026-04-01T04:58:09Z,73.66,99.38,0.399,39.96,21.54,228.84,7.56,1551,0
2026-04-01T04:58:19Z,74.21,99.07,0.4,40.01,21.41,229.19,7.75,1562,0
2026-04-01T04:58:29Z,74.15,99.45,0.393,38.99,21.73,229.28,7.58,1557,0
2026-04-01T04:58:39Z,73.97,99.2,0.395,40.02,21.52,228.92,7.65,1545,0
2026-04-01T04:58:49Z,74.24,99.65,0.414,40.04,21.2,228.87,7.43,1553,0
2026-04-01T04:58:59Z,74.15,98.87,0.409,40.65,21.87,229.05,7.45,1553,0
2026-04-01T04:59:09Z,74.16,99.05,0.392,40.68,21.36,228.77,7.54,1561,0
2026-04-01T04:59:19Z,74.14,99.6,0.405,39.5,21.48,228.25,7.61,1556,0
2026-04-01T04:59:29Z,74.74,99.27,0.372,41.18,21.45,228.43,7.66,1554,0
2026-04-01T04:59:39Z,74.79,99.29,0.409,40.19,21.6,228.75,7.53,1561,0
2026-04-01T04:59:49Z,74.48,99.32,0.394,40.25,21.48,228.24,7.68,1552,0
2026-04-01T04:59:59Z,74.71,99.28,0.393,40.89,21.38,228.13,7.67,1547,0
2026-04-01T05:00:09Z,75.07,99.4,0.407,40.59,21.51,228.09,7.64,1544,0
2026-04-01T05:00:19Z,74.43,99.21,0.394,40.12,21.37,228.38,7.71,1557,0
2026-04-01T05:00:29Z,74.45,99.43,0.417,40.37,21.84,228.72,7.45,1555,0
2026-04-01T05:00:39Z,74.82,99.52,0.389,39.51,21.52,228.38,7.49,1551,0
2026-04-01T05:00:49Z,74.38,99.6,0.405,39.65,21.81,227.88,7.66,1553,0
2026-04-01T05:00:59Z,75.2,99.08,0.409,39.91,21.67,228.71,7.57,1551,0
2026-04-01T05:01:09Z,74.06,99.29,0.401,39.81,22.03,228.46,7.5,1543,0
2026-04-01T05:01:19Z,74.97,99.32,0.4,39.39,21.57,228.44,7.62,1541,0
2026-04-01T05:01:29Z,88.15,107.42,1.372,39.91,14.72,212.23,12.61,1252,1
2026-04-01T05:01:39Z,74.52,99.49,0.399,40.02,21.6,228.71,7.82,1548,0
2026-04-01T05:01:49Z,74.9,99.46,0.391,39.87,21.79,228.52,7.64,1545,0
2026-04-01T05:01:59Z,74.69,99.56,0.391,39.83,21.89,229.46,7.78,1548,0
2026-04-01T05:02:09Z,75.14,99.38,0.411,40.28,21.8,228.57,7.65,1548,0
2026-04-01T05:02:19Z,74.73,99.28,0.382,39.62,22.01,228.26,7.69,1542,0
2026-04-01T05:02:29Z,75.47,99.41,0.386,39.17,21.72,228.85,7.73,1539,0
2026-04-01T05:02:39Z,75.35,99.47,0.418,39.75,22.35,228.7,7.81,1542,0
2026-04-01T05:02:49Z,75.41,99.27,0.408,39.59,21.95,228.61,7.63,1548,0
2026-04-01T05:02:59Z,75.54,99.73,0.411,40.57,21.96,228.31,7.74,1548,0
2026-04-01T05:03:09Z,75.36,99.17,0.394,39.93,21.86,228.03,7.7,1538,0
2026-04-01T05:03:19Z,75.51,99.58,0.409,40.82,21.83,228.22,7.82,1538,0
2026-04-01T05:03:29Z,75.75,99.71,0.408,39.64,22.28,229.17,7.79,1535,0
2026-04-01T05:03:39Z,75.25,99.82,0.384,39.62,22.06,228.32,7.82,1540,0
2026-04-01T05:03:49Z,75.38,99.35,0.388,39.67,21.9,228.37,7.59,1536,0
2026-04-01T05:03:59Z,75.02,99.66,0.415,40.9,21.84,228.97,7.83,1527,0
2026-04-01T05:04:09Z,75.86,99.69,0.392,40.16,22.33,228.34,7.76,1527,0
2026-04-01T05:04:19Z,75.42,99.62,0.373,40.38,22.27,228.21,7.78,1534,0
2026-04-01T05:04:29Z,75.73,100.03,0.384,40.42,22.12,228.81,7.64,1527,0
2026-04-01T05:04:39Z,75.92,99.57,0.376,39.93,22.01,228.35,7.99,1531,0
2026-04-01T05:04:49Z,75.67,99.82,0.42,40.32,22.14,228.26,7.66,1525,0
2026-04-01T05:04:59Z,75.37,99.77,0.37,40.1,22.41,228.87,7.92,1518,0
2026-04-01T05:05:09Z,75.53,99.67,0.384,40.59,21.89,228.41,7.94,1527,0
2026-04-01T05:05:19Z,75.52,99.9,0.404,40.84,22.39,228.13,7.76,1522,0
2026-04-01T05:05:29Z,76.03,99.76,0.377,40.82,22.46,228.52,7.83,1525,0
2026-04-01T05:05:39Z,75.55,99.81,0.363,39.83,22.44,228.14,8.07,1518,0
2026-04-01T05:05:49Z,75.93,99.74,0.366,40.34,22.36,228.81,7.93,1527,0
2026-04-01T05:05:59Z,76.2,99.73,0.379,40.51,22.43,229.38,7.72,1520,0
2026-04-01T05:06:09Z,76.15,99.63,0.357,40.28,22.47,228.97,7.91,1515,0
2026-04-01T05:06:19Z,76.06,99.93,0.352,39.82,22.14,228.4,7.92,1512,0
2026-04-01T05:06:29Z,75.9,99.62,0.355,39.9,22.52,228.1,8.06,1525,0
2026-04-01T05:06:39Z,75.59,99.67,0.343,40.97,22.26,228.33,7.92,1517,0
2026-04-01T05:06:49Z,76.07,99.52,0.352,39.67,22.19,228.67,8.03,1517,0
2026-04-01T05:06:59Z,75.71,99.66,0.373,40.16,22.57,228.24,7.98,1513,0
2026-04-01T05:07:09Z,76.22,100.18,0.383,39.84,22.4,228.35,8.0,1506,0
2026-04-01T05:07:19Z,76.0,99.79,0.358,40.75,22.46,228.47,7.8,1506,0
2026-04-01T05:07:29Z,76.15,100.41,0.36,40.34,22.97,228.11,8.02,1512,0
2026-04-01T05:07:39Z,76.36,100.29,0.343,40.11,22.64,228.86,7.96,1514,0
2026-04-01T05:07:49Z,76.03,100.22,0.36,39.27,22.61,227.91,7.82,1506,0
2026-04-01T05:07:59Z,75.67,100.03,0.344,41.0,22.72,227.87,8.15,1503,0
2026-04-01T05:08:09Z,75.33,100.16,0.36,40.0,22.69,228.17,8.02,1509,0
2026-04-01T05:08:19Z,75.98,100.2,0.357,39.94,22.57,228.85,7.95,1505,0
2026-04-01T05:08:29Z,76.16,100.03,0.341,40.93,22.58,228.69,8.02,1498,0
2026-04-01T05:08:39Z,75.84,100.2,0.344,40.85,23.03,228.86,8.09,1504,0
2026-04-01T05:08:49Z,76.11,100.36,0.357,41.13,22.51,228.34,8.01,1501,0
2026-04-01T05:08:59Z,75.78,100.19,0.346,40.16,22.84,228.34,7.85,1484,0
2026-04-01T05:09:09Z,75.62,100.26,0.34,40.17,22.74,228.7,8.07,1496,0
2026-04-01T05:09:19Z,76.32,100.24,0.355,40.15,23.07,228.5,7.84,1492,0
2026-04-01T05:09:29Z,84.18,107.36,1.309,40.59,18.9,217.02,11.92,1136,1
2026-04-01T05:09:39Z,76.2,100.39,0.354,40.66,22.79,228.16,7.98,1496,0
2026-04-01T05:09:49Z,75.71,100.49,0.345,40.85,23.0,227.91,8.03,1485,0
2026-04-01T05:09:59Z,76.01,100.34,0.342,40.79,22.3,228.28,8.04,1482,0
2026-04-01T05:10:09Z,75.99,100.3,0.345,40.84,22.9,228.32,8.03,1490,0
2026-04-01T05:10:19Z,75.48,100.36,0.336,40.73,22.85,228.85,7.99,1485,0
2026-04-01T05:10:29Z,76.18,100.47,0.338,41.03,22.87,228.06,8.27,1486,0
2026-04-01T05:10:39Z,75.7,100.74,0.346,40.84,22.92,228.18,7.9,1486,0
2026-04-01T05:10:49Z,88.68,114.26,1.094,41.05,15.92,208.74,12.44,1270,1
2026-04-01T05:10:59Z,76.24,100.31,0.322,41.81,23.39,228.64,8.14,1485,0
2026-04-01T05:11:09Z,75.62,100.49,0.315,41.3,22.85,228.99,7.91,1486,0
2026-04-01T05:11:19Z,76.49,100.57,0.323,41.48,22.76,228.67,8.15,1494,0
2026-04-01T05:11:29Z,76.04,100.58,0.328,41.09,22.93,229.3,8.14,1479,0
2026-04-01T05:11:39Z,76.1,100.51,0.313,41.81,22.89,228.44,7.99,1470,0
2026-04-01T05:11:49Z,75.93,100.94,0.325,40.94,23.11,228.09,7.97,1477,0
2026-04-01T05:11:59Z,76.39,100.42,0.336,41.84,22.77,228.48,8.11,1476,0
2026-04-01T05:12:09Z,75.78,100.39,0.317,41.04,22.61,228.23,8.08,1476,0
2026-04-01T05:12:19Z,91.16,111.8,1.353,41.21,16.61,212.24,10.85,1035,1
2026-04-01T05:12:29Z,75.94,100.78,0.308,42.4,22.69,227.9,8.21,1478,0
2026-04-01T05:12:39Z,76.41,100.62,0.297,41.6,23.23,228.48,8.09,1474,0
2026-04-01T05:12:49Z,75.54,101.12,0.326,41.76,22.82,228.35,8.2,1477,0
2026-04-01T05:12:59Z,75.65,100.75,0.311,41.54,23.04,229.14,8.01,1467,0
2026-04-01T05:13:09Z,75.58,100.77,0.328,41.86,22.63,228.28,7.98,1469,0
2026-04-01T05:13:19Z,75.03,100.58,0.318,41.28,23.34,228.15,8.03,1463,0
